<?xml version="1.0" encoding="UTF-8"?>
<project-private xmlns="http://www.netbeans.org/ns/project-private/1">
    <editor-bookmarks xmlns="http://www.netbeans.org/ns/editor-bookmarks/2" lastBookmarkId="0"/>
    <open-files xmlns="http://www.netbeans.org/ns/projectui-open-files/2">
        <group>
            <file>file:/D:/RGU%20Modules/CM2100/CW1819/cm2100guicw/src/cm2100guicw/MenuItem.java</file>
            <file>file:/D:/RGU%20Modules/CM2100/CW1819/cm2100guicw/src/cm2100guicw/Bread.java</file>
            <file>file:/D:/RGU%20Modules/CM2100/CW1819/cm2100guicw/src/cm2100guicw/Order.java</file>
            <file>file:/D:/RGU%20Modules/CM2100/CW1819/cm2100guicw/src/cm2100guicw/Side.java</file>
            <file>file:/D:/RGU%20Modules/CM2100/CW1819/cm2100guicw/src/cm2100guicw/Drink.java</file>
            <file>file:/D:/RGU%20Modules/CM2100/CW1819/cm2100guicw/src/cm2100guicw/Menu.java</file>
            <file>file:/D:/RGU%20Modules/CM2100/CW1819/cm2100guicw/src/cm2100guicw/Sandwich.java</file>
        </group>
    </open-files>
</project-private>
