<?xml version="1.0" encoding="UTF-8"?>
<project-private xmlns="http://www.netbeans.org/ns/project-private/1">
    <editor-bookmarks xmlns="http://www.netbeans.org/ns/editor-bookmarks/2" lastBookmarkId="0"/>
    <open-files xmlns="http://www.netbeans.org/ns/projectui-open-files/2">
        <group>
            <file>file:/C:/Users/fabio/OneDrive/Desktop/Coursework%20JAVA/cm2100guicw%20-%201707082/src/cm2100guicw1707082/Order.java</file>
            <file>file:/C:/Users/fabio/OneDrive/Desktop/Coursework%20JAVA/cm2100guicw%20-%201707082/src/cm2100guicw1707082/MenuItem.java</file>
            <file>file:/C:/Users/fabio/OneDrive/Desktop/Coursework%20JAVA/cm2100guicw%20-%201707082/src/cm2100guicw1707082/MainApp.java</file>
            <file>file:/C:/Users/fabio/OneDrive/Desktop/Coursework%20JAVA/cm2100guicw%20-%201707082/src/cm2100guicw1707082/Menu.java</file>
            <file>file:/C:/Users/fabio/OneDrive/Desktop/Coursework%20JAVA/cm2100guicw%20-%201707082/src/cm2100guicw1707082/StatementOfCompliance</file>
            <file>file:/C:/Users/fabio/OneDrive/Desktop/Coursework%20JAVA/cm2100guicw%20-%201707082/src/cm2100guicw1707082/ChangeAddSauce.java</file>
            <file>file:/C:/Users/fabio/OneDrive/Desktop/Coursework%20JAVA/cm2100guicw%20-%201707082/src/cm2100guicw1707082/Side.java</file>
            <file>file:/C:/Users/fabio/OneDrive/Desktop/Coursework%20JAVA/cm2100guicw%20-%201707082/src/cm2100guicw1707082/StartOrder.java</file>
            <file>file:/C:/Users/fabio/OneDrive/Desktop/Coursework%20JAVA/cm2100guicw%20-%201707082/src/cm2100guicw1707082/Sandwich.java</file>
        </group>
    </open-files>
</project-private>
